Date - Order Date,Order - Number,Item - SKU,Item - Qty,Item - Name,Amount - Order Total,Amount - Order Tax,Carrier - Service Requested,Date - Ship By Date,
03-06-2026 21:20,200014553335196,WTB - 000000 - 07622202045578 - UKUS - 1,1,"Cadbury Dairy Milk Easter Favourites Chocolate Sharing Pouch 335g, Imported from Britain",32.66,1.06,Value,03-10-2026 20:00,31.6
03-06-2026 20:37,200014427409557,WTB - 000000 - 05000159569170 - UKUS - 1,1,"Twix Milk Chocolate Easter Egg 170g, Imported from Britain",28.82,0,Value,03-10-2026 20:00,28.82
03-06-2026 21:36,112-9241690-9569813,STB - 271025 - B004G969PQ - UKUS - 3,1,Schwartz Classic Roast Lamb Gravy 26g,14.94,0,FreeEconomy Econ US Dom,03-11-2026 17:00,14.94
03-06-2026 21:15,112-3003598-5028246,STB - 131125 - B0189X69GS - UKUS - 3,1,Ktc Castor Oil - 1 x 250ml,22.27,1.7,FreeEconomy Econ US Dom,03-11-2026 17:00,20.57
03-06-2026 21:09,111-8706475-3661023,STB - 271025 - B09SGF18R3 - UKUS - 3,1,Marks and Spencers Percy Pig Part Time 150g with Real Fruit Juices from M&S,17.78,1.28,FreeEconomy Econ US Dom,03-11-2026 17:00,16.5
03-06-2026 20:21,114-5237828-3438641,STB - 041125 - B01LWLK5HN - UK-US - 3,1,Sweet Piccalilli essential Waitrose 275g - Pack of 4,34.59,0,FreeEconomy Econ US Dom,03-11-2026 17:00,34.59
03-06-2026 20:32,114-9130216-1669005,STB - 271025 - B01LYQ4CST - UKUS - 3,1,Alpecin Double Effect Shampoo(200ml) - German,37.29,3.42,FreeEconomy Econ US Dom,03-11-2026 17:00,33.87
03-06-2026 20:35,112-3454363-4774606,STB - 100226 - B07K1PJTFV - UKUS - 3,1,Nestlé Nescafe Dolce Gusto Coffee Pods - Decaffeinated Café au Lait Flavor - Choose Quantity (1 Pack (16 Capsules)),21.46,0.21,FreeEconomy Econ US Dom,03-11-2026 17:00,21.25
03-06-2026 22:08,112-0006481-9587468,STB - 041125 - B08L71CNHT - UK-US - 7,1,Millions Tube Cola - 60g - Pack of 4,34.66,3.01,FreeEconomy Econ US Dom,3/17/2026 5:00:00 PM,31.65
03-06-2026 22:08,112-1639612-2207451,STB - 271025 - B01M3R59WD - UKUS - 3,1,Marks & Spencer M&S Cured Ox Tongue 184g Made in the UK,26.44,0,FreeEconomy Econ US Dom,03-11-2026 17:00,26.44
03-06-2026 23:28,200014435907259,WTB - 000000 - 05013531620956 - UKUS - 1,1,"Natco Mung Beans 1Kg, Imported from Britain",28.31,0,Value,03-10-2026 20:00,28.31
03-07-2026 00:18,112-2615209-2471418,STB - 040126 - B003WOJJGW - UKUS - X,1,Potted Plant Focus Liquid Concentrated Fertilizer 100ml,34.67,3.29,FreeEconomy Econ US Dom,3/20/2026 5:00:00 PM,31.38
03-06-2026 23:15,114-2028511-1251434,STB - 271025 - B0170DDL5K - UKUS - 5,1,Assorted Hula Hoops 24g x 14 per pack,24.33,0,FreeEconomy Econ US Dom,3/13/2026 5:00:00 PM,24.33
03-07-2026 01:34,200014414725736,WTB - 000000 - 05059697758423 - UKUS - 1,4,"Tesco Quadruple Strength Cherries & Berries Squash No Added Sugar 1.5L, Imported from Britain",122.8,4.44,Value,03-10-2026 20:00,118.36
03-07-2026 00:55,114-4715780-0301016,STB - 131125 - B07GX139X3 - UKUS - 3,1,McVitie's Digestives Milk Chocolate the Caramel One 250g (Pack of 3),28.04,0,FreeEconomy Econ US Dom,03-11-2026 17:00,28.04
03-05-2026 07:23,113-2830576-9650659,STB - 271025 - B0B4W6J77T - UKUS - 3,4,Marks and Spencer Triple Chocolate Crunch 500g,107.92,0,FreeEconomy Econ US Dom,03-11-2026 17:00,107.92
03-07-2026 03:41,200014440000562,WTB - 000000 - 03068320055022 - UKUS - 1,1,"Evian Natural Bottled Mineral Still Water Multipack 6x500ml, Imported from Britain",44.03,1.27,Value,03-10-2026 20:00,42.76
03-07-2026 03:32,026-3504762-6654708,STB - 300126 - B07CYX8F78 - UKUK - X,1,Crawfords Garibaldi Golden Crispy Biscuits Filled with Currants 100g x 6,17.98,0,Standard Std UK Dom_1,03-10-2026 17:00,17.98
03-07-2026 03:34,111-7023042-3678605,INS - 030226 - B001LION9E - UKUS - 2,1,Lucozade Energy Original Drink in Pet Bottle 380 ml (Pack of 24),385.13,27.7,Expedited Exp US D2D Dom,03-10-2026 17:00,357.43
03-07-2026 03:17,114-4449899-8471403,STB - 100226 - B08L74DT7R - UKUS - 3,1,Revels Treat Bag - 71g - Pack of 6,33.98,0,FreeEconomy Econ US Dom,03-11-2026 17:00,33.98
03-07-2026 04:33,200014569346602,WTB TEST - 00617588695735 - UKUS,1,Cereal Weetabix Family 24 - British Version Imported by Sentogo,26.99,0,Value,03-10-2026 20:00,26.99
03-07-2026 05:04,111-6478659-2907412,STB - 131125 - B0189X69GS - UKUS - 3,2,Ktc Castor Oil - 1 x 250ml,43.46,3.32,FreeEconomy Econ US Dom,03-11-2026 17:00,40.14
03-07-2026 04:30,111-1754308-9740224,STB - 091225 - B000J6BHP2 - UKUS - X,1,Tetley - Original Tea Bags 240 - 750g,22.78,0,FreeEconomy Econ US Dom,3/13/2026 5:00:00 PM,22.78
03-07-2026 07:17,23-14313-29742,EBY - 260226 - B0062IC9T4 - UKRW - 3,1,Schwartz Thai 7 Spice Jar 52g,15.97,0,UK_OtherCourier,03-11-2026 16:59,15.97
03-07-2026 06:44,200014516234415,WTB - 000000 - 08000300440164 - UKUS - 1,1,"Kit Kat F1 Milk Chocolate Bar 55g, Imported from Britain",25.87,1.92,Value,03-10-2026 20:00,23.95
03-07-2026 07:05,200014137200854,WTB - 000000 - 08712566479481 - UKUS - 1,1,"Knorr Rich Beef Stock Pot 8'S 224G, Imported from Britain",25.44,0,Value,03-09-2026 20:00,25.44
03-07-2026 07:01,114-1438753-8737058,STB - 131125 - B00455YP48 - UKUS - 3,1,Wilkinson Sword - Xtreme 3 for Men | Sensitive | Pack of 8 Disposable Razors,21.21,1.62,FreeEconomy Econ US Dom,03-11-2026 17:00,19.59
03-07-2026 06:49,113-5985968-9634642,INS - 190226 - B014G3GLSQ - UKUS - 2,2,"Gourmet Mon Petit Fish, 6 x 50 g",43.36,0,FreeEconomy Econ US Dom,03-10-2026 17:00,43.36
03-07-2026 06:28,111-2844250-1740265,STB - 041125 - B00RPCFM3Q - UK-US - 3,1,Ma Made Prepared Seville Oranges Thin Cut 850g - Pack of 2,40.89,0,FreeEconomy Econ US Dom,03-11-2026 17:00,40.89
03-07-2026 07:08,113-2873849-2457810,STB - 041125 - B004WYUXQ6 - UK-US - 3,8,Clearspring - Organic Japanese Tofu - 300g,152.96,0,FreeEconomy Econ US Dom,03-11-2026 17:00,152.96
03-07-2026 06:41,113-7040667-1931411,STB - 100226 - B00JFLM95Y - UKUS - 5,1,Nescafe Vanilla Latte 8 x 18.5g - Pack of 6,35.34,0.35,FreeEconomy Econ US Dom,3/13/2026 5:00:00 PM,34.99
03-07-2026 07:38,206-4313365-4941929,STB - 300126 - B07PQS8NZ4 - UKUK - X,1,Summerdown | Mint Thins | 1 x 150g,24.48,3.5,Standard Std UK Dom_1,03-12-2026 17:00,20.98
03-07-2026 08:24,200014593044355,WTB - 000000 - 05449000133410 - UKUS - 1,2,"Schweppes Soda Water 1 Litre, Imported from Britain",56.5,1.6,Value,03-11-2026 20:00,54.9
03-07-2026 08:07,200014482684449,WTB - 000000 - 05056357999578 - UKUS - 1,1,"Galaxy Instant Hot Chocolate Nescafe Dolce Gusto Compatible Drink Pods 8 Pack 120g, Imported from Britain",26.9,0,Value,03-11-2026 20:00,26.9
03-07-2026 07:56,200014285005356,WTB - 000000 - 05000159568982 - UKUS - 1,1,"Maltesers Bunnies Milk Chocolate Easter Egg 207g, Imported from Britain",33.33,0,Value,03-11-2026 20:00,33.33
03-07-2026 08:27,113-0379606-9204216,STB - 041125 - B00MH44CLA - UK-US - 3,1,Merchant Gourmet Ready to Eat Puy Lentils 250g - Pack of 6,62.58,0,FreeEconomy Econ US Dom,03-11-2026 17:00,62.58
03-07-2026 08:59,112-0852928-3530609,STB - 100226 - B07BGDTD5Z - UKUS - 3,1,Waitrose pickled onions in vinegar drained 230g,28.98,0,FreeEconomy Econ US Dom,03-11-2026 17:00,28.98
03-07-2026 08:32,113-0406788-2364248,STB - 131125 - B09HFM1S4N - UKUS - 3,1,Weetabix Family size 18.7-oz Per 2-Box Bundle Imported from UK,29.9,0,FreeEconomy Econ US Dom,03-11-2026 17:00,29.9
03-07-2026 08:19,111-0267179-8109053,STB - 040126 - B0F9PMNCC2 - UKUS - X,1,"Cadbury Festive Mini Snow Balls Chocolate Bag, Smooth Dairy Milk Chocolate Coated In a Crispy White Dusted Icing Sugar Shell, 74 g (Pack of 1)",16.92,1.11,FreeEconomy Econ US Dom,3/20/2026 5:00:00 PM,15.81
03-07-2026 08:12,112-5294760-3221005,STB - 131125 - B008AIBT40 - UKUS - 3,1,John West Cod Soft Roes (100g) - Pack of 6,41.4,0,FreeEconomy Econ US Dom,03-11-2026 17:00,41.4
03-07-2026 07:44,114-8136924-4468218,STB - 100226 - B0082AA26C - UKUS - 5,1,"Silvo Tarnish Guard Metal Polish Wadding I All Purpose Metal Polish - For Silver, Gold, Aluminium, Chrome & Electroplate I Size: 75g (Pack of 3)",43.56,2.56,FreeEconomy Econ US Dom,3/13/2026 5:00:00 PM,41
03-07-2026 07:38,113-5403432-7839427,STB - 100226 - B01LZSVER2 - UKUS - 3,1,Seville Orange Thick Cut Marmalade essential Waitrose 454g - Pack of 2,28.55,0,FreeEconomy Econ US Dom,03-11-2026 17:00,28.55
03-07-2026 07:41,112-3214438-9886617,STB - 271025 - B075VYBQ8Z - UKUS - 3,1,Famous Names Signature Collection 185G,36.79,2.41,FreeEconomy Econ US Dom,03-11-2026 17:00,34.38
03-07-2026 07:31,113-8316318-1674622,STB - 091225 - B00WUEN44S - UKUS - X,1,Lucozade Original Energy 6 Pack 380ml,58.74,3.84,FreeEconomy Econ US Dom,3/13/2026 5:00:00 PM,54.9
03-07-2026 08:51,200014475416376,WTB - 000000 - 05013499006915 - UKUS - 1,1,"Goldfish Chinese Hot & Spicy Curry Sauce Concentrate 405G, Imported from Britain",25.83,0,Value,03-11-2026 20:00,25.83
03-07-2026 09:06,200014254624094,WTB - 000000 - 05010084907725 - UKUS - 1,1,"Betty Crocker Bake Smart Sugar Free Vanilla Cake Mix 350g, Imported from Britain",27.2,0,Value,03-09-2026 20:00,27.2
03-07-2026 09:31,200014326365675,WTB - 000000 - 05035139217512 - UKUS - 1,1,"Grace Sweet Ripe Plantain Chips Unsalted 85G, Imported from Britain",22.38,0,Value,03-11-2026 20:00,22.38
03-07-2026 09:35,200014305563897,WTB TEST - 00617588695735 - UKUS,1,Cereal Weetabix Family 24 - British Version Imported by Sentogo,26.99,0,Value,03-11-2026 20:00,26.99
03-07-2026 09:58,200014520618646,WTB - 000000 - 05000328992594 - UKUS - 1,1,"Walkers Classic Variety Multipack Crisps 12x25g, Imported from Britain",27,0,Value,03-11-2026 20:00,27
03-07-2026 10:18,111-2307418-2217845,STB - 131125 - B00MWVA69U - UKUS - 3,2,Marmite Yeast Extract 500g (Pack of 1),70.08,0,FreeEconomy Econ US Dom,03-11-2026 17:00,70.08
03-07-2026 10:28,111-5494854-7672253,STB - 271025 - B0CMMP5PH2 - UKUS - 3,1,Elbow Grease Bicarbonate Of Soda 500g,29.72,1.75,FreeEconomy Econ US Dom,03-11-2026 17:00,27.97
03-07-2026 10:01,111-8908118-9631468,STB - 131125 - B09HFM1S4N - UKUS - 3,1,Weetabix Family size 18.7-oz Per 2-Box Bundle Imported from UK,30.05,0,FreeEconomy Econ US Dom,03-11-2026 17:00,30.05
03-07-2026 09:43,114-7182965-3441039,STB - 040126 - B005EF23LU - UKUS - X,1,"BOLSIUS 50 Unscented Tea Lights - 8 Hours Burn Time - Premium European Quality - Consistent Smokeless Flame - 100% Cotton Wick - Dinner, Wedding, Party, Restaurant, Spa, Church, & Home Décor Tealights",57.78,5.49,FreeEconomy Econ US Dom,3/20/2026 5:00:00 PM,52.29
03-07-2026 09:55,113-4143940-8496218,STB - 041125 - B004QJEJ1M - UK-US - 3,1,Limited Edition Marmite XO Extra Old Matured longer for a stronger taste 250g jar in Gift box,33.6,0.98,FreeEconomy Econ US Dom,03-11-2026 17:00,32.62
03-07-2026 09:51,114-5441662-7941041,STB - 070126 - B006OMBQE2 - UKUS - X,1,Gourmet Perle Seaside Duos Pouch 12 x 85 g (Pack of 4),128.94,0,Standard Std US D2D Dom,3/20/2026 5:00:00 PM,128.94
03-07-2026 09:41,112-6483976-9381021,INS - 060326 - B0017L8JZE - UKUS - 2,1,Bahlsen Choco Leibniz Milk Cookies (12 boxes) - Leibniz Butter Biscuits topped with a thick layer of European Chocolate - 4.4 oz boxes,62.85,0,FreeEconomy Econ US Dom,03-10-2026 17:00,62.85
03-07-2026 09:39,112-8028699-9693820,STB - 100226 - B000QGBWIW - UKUS - 3,1,Ecover Floor Soap,31.08,1.93,FreeEconomy Econ US Dom,03-11-2026 17:00,29.15
03-07-2026 09:32,113-8405796-8282653,STB - 040126 - B00XL3WLL4 - UKUS - X,1,"Salter Dietary Mechanical Kitchen Scales - 500g Capacity, Weigh in 5g Increments for Precise Portion Control, Scale Fits Inside Pan, Compact + Ideal for Travel, 15 Year Guarantee - White",40.84,2.76,FreeEconomy Econ US Dom,3/20/2026 5:00:00 PM,38.08
03-07-2026 09:25,112-8079762-8282604,STB - 100226 - B0002E4EPQ - UKUS - 3,1,"Aunt May's, Bajan Pepper Sauce, 12 oz.",25.08,0.31,FreeEconomy Econ US Dom,03-11-2026 17:00,24.77
03-07-2026 09:53,113-7114126-2264230,STB - 041125 - B01MRHGKKH - UK-US - 5,1,"Piz Buin Tan & Protect Tan Accelerating Oil Spray SPF 30 High, 150ml by Piz Buin",55.09,3.12,FreeEconomy Econ US Dom,3/13/2026 5:00:00 PM,51.97
03-07-2026 09:35,113-5370635-5670640,STB - 131125 - B007XR3SKW - UKUS - 3,1,Sharwood's Ready to Eat Prawn Crackers 60 g (Pack of 12),67.17,0,FreeEconomy Econ US Dom,03-11-2026 17:00,67.17
03-07-2026 09:32,114-7373904-5035434,STB - 041125 - B07BM9DX6K - UK-US - 5,2,Soltan Protect & Moisturise lotion SPF50+ 200ml,79.94,0,FreeEconomy Econ US Dom,3/13/2026 5:00:00 PM,79.94
03-07-2026 09:18,114-1872738-3658654,STB - 271025 - B075VYBQ8Z - UKUS - 3,1,Famous Names Signature Collection 185G,34.72,0,FreeEconomy Econ US Dom,03-11-2026 17:00,34.72
03-07-2026 09:15,114-6375982-1416224,STB - 040126 - B003WOJJGW - UKUS - X,1,Potted Plant Focus Liquid Concentrated Fertilizer 100ml,33.87,2.62,FreeEconomy Econ US Dom,3/20/2026 5:00:00 PM,31.25
03-07-2026 09:50,114-6236318-5265047,STB - 131125 - B00Y1CPBSY - UKUS - 3,1,Discos Crisps Variety Pack 16 x 28g Bags,28.25,0.28,FreeEconomy Econ US Dom,03-11-2026 17:00,27.97
03-07-2026 09:09,114-7545091-5637009,STB - 091225 - B00H1UTHTC - UKUS - X,1,Sanex Zero% Shower Gel Nutritive Dry and Very Dry Skin 250ml,21.79,1.5,FreeEconomy Econ US Dom,03-11-2026 17:00,20.29
03-07-2026 09:03,113-2536117-5403462,STB - 091225 - B000J6BHP2 - UKUS - X,1,Tetley - Original Tea Bags 240 - 750g,23.24,0,FreeEconomy Econ US Dom,3/13/2026 5:00:00 PM,23.24
03-07-2026 10:28,111-8996185-2249067,STB - 040126 - B000637SIS - UKUS - X,1,"Renovo International RUP1114 Ultra Proofer 1 Litre, Neutral",62.28,3.87,FreeEconomy Econ US Dom,3/20/2026 5:00:00 PM,58.41
03-07-2026 07:59,112-5282819-7485017,STB - 060126 - B001CM3EIU - UKUS - X,3,"Restoria Grey Reducing Cream for Men - Hair Cream for Restoring Natural Hair Colour Gradually, Up to 100% Grey Coverage - Vegan, 100ml",107.01,9.99,FreeEconomy Econ US Dom,3/20/2026 5:00:00 PM,97.02
03-07-2026 10:48,026-2995388-2253117,STB - 300126 - B017IWLGBY - UKUK - X,1,Giuseppe Cocco Pasta Penne Rigate 500g - Pack of 2,24.98,0,Standard Std UK Dom_1,03-10-2026 17:00,24.98
03-07-2026 11:37,200014441650035,WTB - 000000 - 07622202345081 - UKUS - 1,1,"Cadbury White Creme Egg 5x40g, Imported from Britain",27.01,0.79,Value,03-11-2026 20:00,26.22
03-07-2026 11:16,200014495993937,WTB - 000000 - 08000300440164 - UKUS - 1,1,"Kit Kat F1 Milk Chocolate Bar 55g, Imported from Britain",23.95,0,Value,03-11-2026 20:00,23.95
03-07-2026 11:37,200014364929809,WTB - 000000 - 05000328219769 - UKUS - 1,1,"Walkers Monster Munch Giants Pickled Onion Sharing Bag Crisps 85g, Imported from Britain",26.16,1.34,Value,03-11-2026 20:00,24.82
03-07-2026 11:49,200014369007973,WTB - 000000 - 03045320094169 - UKUS - 1,1,"Bonne Maman Blackcurrant Conserve 370G, Imported from Britain",26.22,0,Value,03-11-2026 20:00,26.22
03-07-2026 11:28,112-5997722-1828245,STB - 271025 - B07574TZ7N - UKUS - 3,1,Ecover Bottle Plastic X1 750Ml Fabric Softener,22.78,1.64,FreeEconomy Econ US Dom,03-11-2026 17:00,21.14
03-07-2026 12:02,114-3804899-5537007,STB - 091225 - B000J6BHP2 - UKUS - X,1,Tetley - Original Tea Bags 240 - 750g,23.72,0,FreeEconomy Econ US Dom,3/13/2026 5:00:00 PM,23.72
03-07-2026 11:27,113-0683603-3997843,STB - 131125 - B0757RLLY5 - UKUS - 3,1,"Hotel Chocolat Classic Hot Chocolat, 250g",49.74,0,FreeEconomy Econ US Dom,03-11-2026 17:00,49.74
03-07-2026 11:08,113-1710134-8449813,STB - 131125 - B00MWVA69U - UKUS - 3,1,Marmite Yeast Extract 500g (Pack of 1),35.04,0,FreeEconomy Econ US Dom,03-11-2026 17:00,35.04
03-07-2026 10:59,114-1073198-7016262,STB - 100226 - B01GH3NOIS - UKUS - 5,1,Weetabix Weetabix 215gX2 boxes (serial),35.34,0.35,FreeEconomy Econ US Dom,3/13/2026 5:00:00 PM,34.99
03-07-2026 10:49,113-9625577-9533014,STB - 271025 - B0170BUMZ4 - UKUS - 3,2,McVitie's Iced Gems 6 x 25g,33.34,0,FreeEconomy Econ US Dom,03-11-2026 17:00,33.34
03-07-2026 11:39,111-3109068-1801038,STB - 131125 - B00MWUI26K - UKUS - 3,1,"Lee Kum Kee Chiu Chow Chilli Oil, 170 g",17.71,0,FreeEconomy Econ US Dom,03-11-2026 17:00,17.71
03-07-2026 11:29,114-7942202-7714660,STB - 100226 - B01LFQYOYK - UKUS - 3,1,Aunt May's Hot Bajan Pepper Sauce 12 Oz (Pack of 3),49.96,0.98,FreeEconomy Econ US Dom,03-11-2026 17:00,48.98
03-07-2026 10:54,111-5873235-3400257,STB - 040126 - B00XL3WLL4 - UKUS - X,1,"Salter Dietary Mechanical Kitchen Scales - 500g Capacity, Weigh in 5g Increments for Precise Portion Control, Scale Fits Inside Pan, Compact + Ideal for Travel, 15 Year Guarantee - White",40.65,2.57,FreeEconomy Econ US Dom,3/20/2026 5:00:00 PM,38.08
03-07-2026 13:09,206-6820420-9564335,STB - 300126 - B087RT1DGQ - UKUK - X,1,Sharwood's Curry Cooking Sauce Bundles (3X Balti Cooking Sauce),21.98,0,Standard Std UK Dom_1,03-10-2026 17:00,21.98
03-07-2026 12:00,200014496311269,WTB - 000000 - 08445290293312 - UKUS - 1,1,"Nesquik Banana Flavoured Milkshake Powder 500g Tub, Imported from Britain",28.88,0,Value,03-11-2026 20:00,28.88
03-07-2026 12:02,200014599390784,WTB - 000000 - 07622202274350 - UKUS - 1,1,"Cadbury Orange Mini Eggs 74g, Imported from Britain",25.06,1.02,Value,03-11-2026 20:00,24.04
03-07-2026 12:08,200014590274079,WTB - 000000 - 07622201730475 - UKUS - 1,4,"Maynards Bassetts Jelly Baby Chicks 130g, Imported from Britain",93.76,0,Value,03-11-2026 20:00,93.76
03-07-2026 13:29,111-9359987-6249007,STB - 271025 - B0B4W5S373 - UKUS - 3,1,Marks and Spencer Fruit Jellies 200g,60.92,0,FreeEconomy Econ US Dom,03-11-2026 17:00,60.92
03-07-2026 13:29,111-9359987-6249007,STB - 271025 - B0B4W6YDQK - UKUS - 3,1,Marks and Spencer All Butter Sultana Cookies 200g,60.92,0,FreeEconomy Econ US Dom,03-11-2026 17:00,60.92
03-07-2026 13:29,111-9359987-6249007,STB - 271025 - B0B4W7788C - UKUS - 3,1,Marks and Spencer Dark Seville Orange Marmalade 340g,60.92,0,FreeEconomy Econ US Dom,03-11-2026 17:00,60.92
03-07-2026 13:19,111-5797442-4401009,STB - 070126 - B000J5UW04 - UKUS - X,1,"Aquaplay 2078019 Sealing Strips (8-Piece, Black)",37.39,2.85,FreeEconomy Econ US Dom,3/20/2026 5:00:00 PM,34.54
03-07-2026 12:58,111-2269863-3417049,STB - 271025 - B00ZPBS5OC - UKUS - 3,1,Billington's Natural Unrefined Dark Muscovado Cane Sugar (500g) - Pack of 2,33.58,0,FreeEconomy Econ US Dom,03-11-2026 17:00,33.58
03-07-2026 12:44,111-7350378-5479418,STB - 131125 - B007XR3SKW - UKUS - 3,1,Sharwood's Ready to Eat Prawn Crackers 60 g (Pack of 12),67.17,0,FreeEconomy Econ US Dom,03-11-2026 17:00,67.17
03-07-2026 12:45,113-5010791-6285038,STB - 100226 - B000QGBWIW - UKUS - 3,1,Ecover Floor Soap,31.7,2.55,FreeEconomy Econ US Dom,03-11-2026 17:00,29.15
03-07-2026 12:46,111-1908174-5696207,STB - 131125 - B019Y2Y0H8 - UKUS - 3,1,"Weetabix Wholegrain, 24 biscuits (Pack of 1)",21.17,0,FreeEconomy Econ US Dom,03-11-2026 17:00,21.17
03-07-2026 12:22,112-8991821-9802618,STB - 100226 - B00IE7FG50 - UKUS - 3,1,Weetabix - Banana - 24 Biscuits - 528g,26.99,0,FreeEconomy Econ US Dom,03-11-2026 17:00,26.99
03-07-2026 13:37,114-6652692-4137016,STB - 091225 - B07GZ16XY2 - UKUS - X,3,Belin Crackers Monaco Emmental 100g,56.31,0,FreeEconomy Econ US Dom,3/17/2026 5:00:00 PM,56.31
03-07-2026 12:41,113-4456484-9109840,STB - 040126 - B007J2AMA0 - UKUS - X,1,Reef One - Boutique Biorbpiéces Détachées - Pompe à Air Baby Biorb,48.68,3.5,FreeEconomy Econ US Dom,3/20/2026 5:00:00 PM,45.18
03-07-2026 12:38,112-8481473-9947469,STB - 131125 - B0199C445Q - UKUS - 3,1,Werther's Original Butter Candy (135g) by Werther's,16.98,1.11,FreeEconomy Econ US Dom,03-11-2026 17:00,15.87
03-07-2026 12:16,112-4908842-6345860,STB - 271025 - B07574TZ7N - UKUS - 3,2,Ecover Bottle Plastic X1 750Ml Fabric Softener,42.28,0,FreeEconomy Econ US Dom,03-11-2026 17:00,42.28
03-07-2026 14:47,200014065544037,WTB - 000000 - 05016346518852 - UKUS - 1,1,"Thorntons Classic Easter Egg 262G, Imported from Britain",43.22,4.02,Value,03-11-2026 20:00,39.2
03-07-2026 13:30,200014280585166,WTB - 000000 - 05060336501300 - UKUS - 1,1,"Branston Small Chunk Piccalilli 360g, Imported from Britain",24.7,0,Value,03-11-2026 20:00,24.7
03-07-2026 13:32,200014405029654,WTB - 000000 - 08003340808093 - UKUS - 1,1,"Lindt Gourmet Eggs Dark Chocolate with Whole Roasted Hazelnuts 130g, Imported from Britain",29.12,0,Value,03-11-2026 20:00,29.12
03-07-2026 13:31,200014336349975,WTB - 000000 - 05010067383157 - UKUS - 1,1,"Allinson's Self Raising White Baking Flour 1Kg, Imported from Britain",26.39,0,Value,03-11-2026 20:00,26.39
03-07-2026 14:44,200014409439147,WTB - 000000 - 08000300440164 - UKUS - 1,2,"Kit Kat F1 Milk Chocolate Bar 55g, Imported from Britain",51.01,3.11,Value,03-11-2026 20:00,47.9
03-07-2026 14:41,200014469005312,WTB - 000000 - 05000175411194 - UKUS - 1,1,"Oxo Beef Stock Cubes 24 Pack 142g, Imported from Britain",28.33,1.35,Value,03-09-2026 20:00,26.98
03-07-2026 15:04,114-4855336-4629047,STB - 131125 - B08D36ZNWR - UKUS - 3,1,"L'OR DECAF Espresso Capsules, 100 Count DECAF Ristretto, Single-Serve Aluminum Coffee Capsules Compatible with the L'OR BARISTA System & *Nespresso Original Machines",70.36,1.55,FreeEconomy Econ US Dom,03-11-2026 17:00,68.81
03-07-2026 14:29,112-9195371-9325855,STB - 091225 - B000J6BHP2 - UKUS - X,1,Tetley - Original Tea Bags 240 - 750g,23.84,0,FreeEconomy Econ US Dom,3/13/2026 5:00:00 PM,23.84
03-07-2026 14:25,111-7870788-1085830,STB - 271025 - B00BHFDFDG - UKUS - 3,1,McCoys Cheddar & Onion Crisps 6 X 32G,21.27,0,FreeEconomy Econ US Dom,03-11-2026 17:00,21.27
03-07-2026 14:18,111-0927605-1556263,STB - 040126 - B0199VCKBC - UKUS - X,2,"Rapesco Supaclip Stainless Steel Clip (Pack of 350) (1315),Silver",89.78,6.16,FreeEconomy Econ US Dom,3/20/2026 5:00:00 PM,83.62
03-07-2026 14:45,113-6065086-3553835,STB - 040126 - B005SNMJ0I - UKUS - X,1,Tanita KD-320 Digital Kitchen Scale 3kg-Cream,125.51,7.22,FreeEconomy Econ US Dom,3/20/2026 5:00:00 PM,118.29
03-07-2026 14:32,112-2840460-1583406,STB - 131125 - B000AYGYA6 - UKUS - 3,1,"Carr's Table Water Crackers, Baked Snack Crackers, Party Snacks, Original, 4.25oz Box (1 Box)",34.07,2.41,FreeEconomy Econ US Dom,03-11-2026 17:00,31.66
03-07-2026 14:29,113-2291286-1253856,STB - 131125 - B07GX139X3 - UKUS - 3,1,McVitie's Digestives Milk Chocolate the Caramel One 250g (Pack of 3),26.41,0,FreeEconomy Econ US Dom,03-11-2026 17:00,26.41
03-07-2026 15:11,114-1597489-3757069,STB - 091225 - B07L1XDBV5 - UKUS - X,1,Alsa Sucre Vanillé (x12) 90g,32.49,0,FreeEconomy Econ US Dom,3/13/2026 5:00:00 PM,32.49
03-07-2026 14:47,111-5296464-7912254,STB - 091225 - B07Q6CTK1T - UKUS - X,1,Belazu Beldi Preserved Lemons (Drained Weight 200 Net Weight 360 g),21.09,0,FreeEconomy Econ US Dom,03-11-2026 17:00,21.09
03-07-2026 13:52,114-1940275-9940250,STB - 091225 - B00RBABVRS - UKUS - X,1,Pukka Herbal Tea,75.8,0,FreeEconomy Econ US Dom,03-11-2026 17:00,75.8
03-07-2026 15:49,200014449688992,WTB - 000000 - 05010438013683 - UKUS - 1,1,"Vimto No Added Sugar Squash 1 Litre, Imported from Britain",29.73,1.85,Value,03-11-2026 20:00,27.88
03-07-2026 15:57,200014437453995,WTB - 000000 - 08000300440164 - UKUS - 1,2,"Kit Kat F1 Milk Chocolate Bar 55g, Imported from Britain",51.25,3.35,Value,03-11-2026 20:00,47.9
03-07-2026 14:59,200014351083428,WTB - 000000 - 05060062064254 - UKUS - 1,1,"Matthews Flour Premium White Strong Flour 1.5Kg, Imported from Britain",29.67,0,Value,03-11-2026 20:00,29.67
03-07-2026 16:26,200014510156672,WTB - 000000 - 07622202274350 - UKUS - 1,1,"Cadbury Orange Mini Eggs 74g, Imported from Britain",25.48,1.44,Value,03-11-2026 20:00,24.04
03-07-2026 16:26,112-2137981-6884236,STB - 100226 - B00JFLM95Y - UKUS - 5,1,Nescafe Vanilla Latte 8 x 18.5g - Pack of 6,34.99,0,FreeEconomy Econ US Dom,3/13/2026 5:00:00 PM,34.99
03-07-2026 16:25,113-6328814-0971418,STB - 041125 - B0B8NW4ZLM - UK-US - 5,1,Walkers Classic Variety Multipack Crisps 22X25g,23.01,0,FreeEconomy Econ US Dom,03-11-2026 17:00,23.01
03-07-2026 16:13,113-7895829-8409066,STB - 091225 - B000O1IAAC - UKUS - X,1,NESCAFE UNSWEET Cappuccino SACH PK50 16G,47.61,2.58,FreeEconomy Econ US Dom,3/13/2026 5:00:00 PM,45.03
03-07-2026 16:10,111-0469039-1121830,STB - 070126 - B000YDIFYG - UKUS - X,1,MINTS - BUTTER MINTOES 225g (pack of 3),28.13,1.59,FreeEconomy Econ US Dom,3/20/2026 5:00:00 PM,26.54
03-07-2026 17:06,111-2966339-7965834,STB - 131125 - B01MUH3SGW - UKUS - 3,1,Marmite Jar 6 x 250 g. Marmite,48.58,0,FreeEconomy Econ US Dom,03-11-2026 17:00,48.58
03-07-2026 16:31,112-6265483-8301869,STB - 040126 - B004J33YVG - UKUS - X,1,"Yale P-Y3-BL-PB-60 Contemporary Nightlatch, Standard Security, Black Finish/Brass Cylinder, 60 mm Backset",78.52,4.44,FreeEconomy Econ US Dom,3/20/2026 5:00:00 PM,74.08
03-07-2026 15:29,114-1217065-2854617,STB - 271025 - B008YAUOV8 - UKUS - 5,1,"Colman's Sauce, Mix, Chicken Chas S1220425 1.6 oz. (Pack of 12)",38.73,0,FreeEconomy Econ US Dom,3/13/2026 5:00:00 PM,38.73
03-07-2026 16:25,112-7913348-4188239,STB - 100226 - B01LFQYOYK - UKUS - 3,1,Aunt May's Hot Bajan Pepper Sauce 12 Oz (Pack of 3),48.98,0,FreeEconomy Econ US Dom,03-11-2026 17:00,48.98
03-07-2026 15:46,114-9541686-5505833,STB - 070126 - B00OZEWMRG - UKUS - X,1,"VTech Toot-Toot Drivers Bus, Toy Car for 1 Year Old, Pretend Play Vehicle with Lights & Sounds, Interactive Toddlers Toy 12 Months, 2, 3, 4 +, English Version,Red",35.12,0,FreeEconomy Econ US Dom,3/20/2026 5:00:00 PM,35.12
03-07-2026 16:14,114-7710265-9809835,STB - 041125 - B004QJEJ1M - UK-US - 3,1,Limited Edition Marmite XO Extra Old Matured longer for a stronger taste 250g jar in Gift box,32.94,0,FreeEconomy Econ US Dom,03-11-2026 17:00,32.94
03-07-2026 15:25,114-1009267-9509046,STB - 131125 - B075CRZCRF - UKUS - 3,1,Homepride Plain Flour - 1kg (2.2lbs),29.87,0,FreeEconomy Econ US Dom,03-11-2026 17:00,29.87
03-07-2026 15:23,114-3049095-7505808,STB - 131125 - B000FBQ4YU - UKUS - 3,1,Bahlsen Leibniz Butter Biscuits (16 pack) | Our classic original buttery biscuits (7 ounce boxes),84.28,0,FreeEconomy Econ US Dom,03-11-2026 17:00,84.28
03-07-2026 17:43,200014391133330,WTB - 000000 - 05000358279658 - UKUS - 1,1,"Tesco Crispy Coated Peanuts - Sweet Chilli 200g, Imported from Britain",24.74,0,Value,03-11-2026 20:00,24.74
03-07-2026 16:52,200014135448408,WTB - 000000 - 08000300440164 - UKUS - 1,1,"Kit Kat F1 Milk Chocolate Bar 55g, Imported from Britain",23.95,0,Value,03-11-2026 20:00,23.95
03-07-2026 17:45,200014486494264,WTB - 000000 - 08712566479481 - UKUS - 1,3,"Knorr Rich Beef Stock Pot 8'S 224G, Imported from Britain",77.08,0.76,Value,03-09-2026 20:00,76.32
03-07-2026 16:58,112-4429464-0359422,STB - 040126 - B01DJH659U - UKUS - X,1,"Rapesco Adjustable 6-Hole Punch for Planners and 6-Ring Binders - Pink, 320 feet (1322)",41.59,3.49,FreeEconomy Econ US Dom,3/20/2026 5:00:00 PM,38.1
03-07-2026 17:46,111-9234915-7921016,STB - 091225 - B003NWDR4S - UKUS - X,1,"Pukka Herbal Teas Green Tea, 20 Count",20.93,0,FreeEconomy Econ US Dom,03-11-2026 17:00,20.93
03-07-2026 17:22,114-2666121-1561834,STB - 041125 - B0CWS51XHP - UK-US - 5,1,Pick N Mixers Squirrel Cherry Lips Gums 1Kg Bag,60.11,3.13,FreeEconomy Econ US Dom,3/13/2026 5:00:00 PM,56.98
03-07-2026 17:04,111-1665688-2868237,STB - 091225 - B00ZGT3FAC - UKUS - X,1,Stokes Red Onion Marmalade - 265g,28.98,1.38,FreeEconomy Econ US Dom,03-11-2026 17:00,27.6
03-07-2026 17:46,111-5861268-0943442,STB - 100226 - B0002E4EPQ - UKUS - 3,1,"Aunt May's, Bajan Pepper Sauce, 12 oz.",24.77,0,FreeEconomy Econ US Dom,03-11-2026 17:00,24.77
03-07-2026 16:57,113-2982149-8608225,STB - 131125 - B077P8HPHY - UKUS - 7,1,Barwa Egg Shampoo 300 ml,25.09,2.09,FreeEconomy Econ US Dom,3/17/2026 5:00:00 PM,23
03-07-2026 17:33,113-5375021-3384235,STB - 100226 - B0002E4EPQ - UKUS - 3,1,"Aunt May's, Bajan Pepper Sauce, 12 oz.",26.44,1.67,FreeEconomy Econ US Dom,03-11-2026 17:00,24.77
03-07-2026 17:05,112-6373493-1552238,STB - 070126 - B008RKV81U - UKUS - X,1,"Senator G2 M Blue Ballpoint Pen Refill Set of 2 Metal Large Capacity Refill Colour: Blue Line Width: 1.0 mm G2 Parker Type M, ISO 12757-2 Indelible (140-9-2BL)",58.05,3.61,FreeEconomy Econ US Dom,3/20/2026 5:00:00 PM,54.44
03-07-2026 18:34,200014189363929,WTB TEST - 00617588695735 - UKUS,1,Cereal Weetabix Family 24 - British Version Imported by Sentogo,26.99,0,Value,03-11-2026 20:00,26.99
03-07-2026 17:59,200014610971868,WTB - 000000 - 05035139217765 - UKUS - 1,2,"Grace Halal Chicken Vienna Sausages 200G, Imported from Britain",50.06,1.46,Value,03-11-2026 20:00,48.6
03-07-2026 18:47,200014311154143,WTB - 000000 - 08711000390214 - UKUS - 1,1,"L'or. Ristretto Pod 40 Pack, Imported from Britain",37.51,0,Value,03-11-2026 20:00,37.51
03-07-2026 18:05,200014396421955,WTB - 000000 - 05000225027955 - UKUS - 1,1,"Schwartz The Real greek Chicken gyros Wrap Recipe Mix 20g, Imported from Britain",22.81,0,Value,03-11-2026 20:00,22.81
03-07-2026 19:33,112-3908734-8401840,STB - 271025 - B01B9RE4C2 - UKUS - 5,1,BLEACH LONDON Rose Shampoo & Conditioner Duo 250ml,52.36,4.05,FreeEconomy Econ US Dom,3/13/2026 5:00:00 PM,48.31
03-07-2026 19:23,112-3823235-8773017,STB - 040126 - B01JH0B94E - UKUS - X,1,Cetraben Emollient Cream 500G X 3 Pack by Cetraben,76.85,6.18,FreeEconomy Econ US Dom,3/20/2026 5:00:00 PM,70.67
03-07-2026 19:37,112-3464601-0460227,INS - 030326 - B07V4MCHCP - UKUS - 2,1,"Cowshed Signature Hand Care Duo, 300ml",87.67,7.15,FreeEconomy Econ US Dom,03-10-2026 17:00,80.52
03-07-2026 18:41,113-9070745-6112227,STB - 271025 - B013P511M2 - UKUS - 3,1,Galaxy Ripple Milk Chocolate Bar (33g) x 12,26.07,1.93,FreeEconomy Econ US Dom,03-11-2026 17:00,24.14
03-07-2026 18:34,111-8944249-2181036,STB - 271025 - B01B02GZGY - UKUS - 3,1,Geeta's Premium Mango Chutney (320g) - Pack of 6 by Geeta's,57.87,0,FreeEconomy Econ US Dom,03-11-2026 17:00,57.87
03-07-2026 18:33,114-5697866-5931454,STB - 040126 - B004EBIUW6 - UKUS - X,1,Brusho by Colourcraft BRU85000 Brusho Crystal Set 12 Color Colour,64.81,4.8,FreeEconomy Econ US Dom,3/20/2026 5:00:00 PM,60.01
03-07-2026 18:17,114-8354564-4931432,STB - 091225 - B000J6BHP2 - UKUS - X,1,Tetley - Original Tea Bags 240 - 750g,24.32,0,FreeEconomy Econ US Dom,3/13/2026 5:00:00 PM,24.32
03-07-2026 18:15,113-0741327-6145063,STB - 100226 - B0002E4EPQ - UKUS - 3,1,"Aunt May's, Bajan Pepper Sauce, 12 oz.",24.77,0,FreeEconomy Econ US Dom,03-11-2026 17:00,24.77
03-07-2026 20:36,200014477789637,WTB - 000000 - 08003340809502 - UKUS - 1,1,"Lindt Lindor Mini Pistachio Eggs 80g, Imported from Britain",27.14,1.88,Value,03-11-2026 20:00,25.26
03-07-2026 20:36,200014524391555,WTB - 000000 - 05010034013803 - UKUS - 1,1,"Ben's Original Mexican Style Microwave Rice 220G, Imported from Britain",23.68,0,Value,03-09-2026 20:00,23.68
03-07-2026 20:23,112-9302318-8382662,STB - 271025 - B082BJX1WW - UKUS - 5,2,LaveraOrganic Repair & Deep Care Conditioner New 6.76 fl oz,62.5,4.68,FreeEconomy Econ US Dom,3/13/2026 5:00:00 PM,57.82
03-07-2026 20:37,114-2577762-2698666,STB - 131125 - B003UU59QW - UKUS - 3,1,Marmite Yeast Extract Paste 500 g (Pack of 3),63.58,1.25,FreeEconomy Econ US Dom,03-11-2026 17:00,62.33
03-07-2026 20:19,111-3618641-8449862,STB - 131125 - B077PCJCVZ - UKUS - 3,1,Geeta's Mango Chutney - 320g,20.54,0,FreeEconomy Econ US Dom,03-11-2026 17:00,20.54
03-07-2026 20:17,112-0190698-6980272,STB - 070126 - B00B9C4K4U - UKUS - X,1,Metrica 35070 Jet Gauge,53.77,4.12,FreeEconomy Econ US Dom,3/20/2026 5:00:00 PM,49.65
03-07-2026 19:39,112-6597777-4056245,STB - 131125 - B09HFM1S4N - UKUS - 3,1,Weetabix Family size 18.7-oz Per 2-Box Bundle Imported from UK,29.6,0,FreeEconomy Econ US Dom,03-11-2026 17:00,29.6
03-07-2026 21:50,114-3526620-7749009,STB - 040126 - B0001P0FFY - UKUS - X,1,Monument 2030b Olive Removing Tool 15mm,91.13,5.96,FreeEconomy Econ US Dom,3/20/2026 5:00:00 PM,85.17
03-07-2026 21:41,114-0668197-2293022,STB - 131125 - B017BPARFO - UKUS - 3,2,"Robinsons Fruit and Barley Real Fruit Squash, Low Calorie. Apple and Pear, 1 Litre, 20 Servings",42.86,2.24,FreeEconomy Econ US Dom,03-11-2026 17:00,40.62
03-07-2026 21:15,112-0323223-6854664,STB - 091225 - B01D6DXN6A - UKUS - X,1,Toffee Crisp Multipack - 4 x 38g,20.64,1.57,FreeEconomy Econ US Dom,03-11-2026 17:00,19.07
03-07-2026 23:02,113-4004866-8286658,STB - 271025 - B00O9YOVS0 - UKUS - 5,1,Foufour Natural Marseille Soap Natural Beige Palm Oil Traditional French Recipe Cube 300g/10.58oz,23.45,1.79,FreeEconomy Econ US Dom,3/13/2026 5:00:00 PM,21.66
03-07-2026 22:23,112-1610916-4541802,STB - 271025 - B01G3IBYUC - UKUS - 3,1,Butterkist Toffee Popcorn - 200g,20.77,0,FreeEconomy Econ US Dom,03-11-2026 17:00,20.77
03-08-2026 00:41,200014528552518,WTB - 000000 - 08445290439642 - UKUS - 1,1,Nescafe Dolce Gusto Americano Coffee Pods 16 Pack 136g Imported from Britain,30.27,0.52,Value,03-09-2026 20:00,29.75
03-08-2026 00:57,113-9616707-7655438,STB - 131125 - B00BYRGB38 - UKUS - 3,1,Farley's Rusks Original Biscuits 300g - Made from the finest baby grade ingredients. A great way to gradually introduce your baby to solid foods. Packed with 7 key vitamins and minerals,62.33,0,Standard Std US D2D Intl,03-11-2026 17:00,62.33
03-08-2026 00:57,113-9616707-7655438,STB - 271025 - B000VZXO0M - UKUS - 3,1,"Heinz Farley Rusks, Biscuits For Baby's & Toddlers, 5.3-Ounce Boxes (Pack of 6)",62.33,0,Standard Std US D2D Intl,03-11-2026 17:00,62.33
03-08-2026 00:53,113-0916504-6908203,STB - 091225 - B00XJN48ZI - UKUS - X,1,Lu Le VÃritable Petit Ecolier Dark Chocolate Biscuits (120g) - Pack of 2,39.19,2.22,FreeEconomy Econ US Dom,3/13/2026 5:00:00 PM,36.97
03-08-2026 00:42,113-6691170-7301053,STB - 271025 - B00Y364EP4 - UKUS - 3,1,Branston Baked Beans with Sausages (405g) - Pack of 2,27.6,0,FreeEconomy Econ US Dom,03-11-2026 17:00,27.6
03-08-2026 00:03,111-4993985-4385035,STB - 070126 - B00R33YM2E - UKUS - X,1,Osram 2452MFX6x10 Socket Light Bulb 1.5 W,59.04,4.5,FreeEconomy Econ US Dom,3/20/2026 5:00:00 PM,54.54
03-08-2026 03:31,200014599014886,WTB - 000000 - 05063445790757 - UKUS - 1,1,"Tesco Finest Pistachio Creme 300g, Imported from Britain",30.33,0.6,Value,03-10-2026 20:00,29.73
03-08-2026 05:23,200014524914697,WTB - 000000 - 08000300440164 - UKUS - 1,1,"Kit Kat F1 Milk Chocolate Bar 55g, Imported from Britain",24.85,0.9,Value,03-10-2026 20:00,23.95
03-08-2026 04:12,200014393008830,WTB - 000000 - 07622202286803 - UKUS - 1,1,"TOBLERONE GOLDEN CARAMEL WITH HONEY & ALMOND NOUGAT 340G, Imported from Britain",32.72,2.5,Value,03-10-2026 20:00,30.22
03-08-2026 05:37,111-1118255-2164203,STB - 091225 - B00WUEN44S - UKUS - X,1,Lucozade Original Energy 6 Pack 380ml,55.45,0,FreeEconomy Econ US Dom,3/13/2026 5:00:00 PM,55.45
03-08-2026 04:54,112-8593003-0517036,STB - 271025 - B0B4W48QPJ - UKUS - 3,1,Marks and Spencer Mint Assortment 225g,19.94,1.69,FreeEconomy Econ US Dom,03-11-2026 17:00,18.25
03-08-2026 04:11,114-7313519-3052265,STB - 131125 - B01N5VHK92 - UKUS - 3,1,Cadbury Chocolate Eclairs 166g (6 Pack),43.84,0,FreeEconomy Econ US Dom,03-11-2026 17:00,43.84
03-08-2026 05:21,114-1659848-6103439,STB - 091225 - B01EWU792K - UKUS - X,1,Mars Chocolate Galaxy Minstrels Pouch 210 G,25.25,0,Standard Std US D2D Intl,03-11-2026 17:00,25.25
03-08-2026 06:31,200014419539158,WTB - 000000 - 08000300440164 - UKUS - 1,1,"Kit Kat F1 Milk Chocolate Bar 55g, Imported from Britain",25.51,1.56,Value,03-10-2026 20:00,23.95
03-08-2026 06:31,200014290343007,WTB TEST - 00617588695735 - UKUS,2,Cereal Weetabix Family 24 - British Version Imported by Sentogo,53.98,0,Value,03-10-2026 20:00,53.98
03-08-2026 06:57,206-6748516-9425131,STB - 300126 - B00A79E1CC - UKUK - X,1,Rj's Licorice Allsorts 280 g (Pack of 3),31.48,4.5,Standard Std UK Dom_1,03-12-2026 17:00,26.98
03-08-2026 07:12,113-1683709-4614609,STB - 070126 - B00CV8INLC - UKUS - X,1,Spear & Jackson Kew 6 in 1 Blade Sharpener,36.72,2.4,FreeEconomy Econ US Dom,3/20/2026 5:00:00 PM,34.32
03-08-2026 06:28,112-2686538-0860218,STB - 271025 - B00DYQ4RX8 - UKUS - 3,3,"Dolmio Creamy Sauce for Lasagne, 470 g",71.55,0,FreeEconomy Econ US Dom,03-11-2026 17:00,71.55
03-08-2026 06:27,113-2029701-2318626,STB - 100226 - B0082AA26C - UKUS - 5,1,"Silvo Tarnish Guard Metal Polish Wadding I All Purpose Metal Polish - For Silver, Gold, Aluminium, Chrome & Electroplate I Size: 75g (Pack of 3)",44.18,3.18,FreeEconomy Econ US Dom,3/13/2026 5:00:00 PM,41
03-08-2026 05:54,112-6785950-1883441,STB - 131125 - B082V31JNY - UKUS - 3,1,Yeast extract (220 gram) (Vegemite (220 gram) (4-Pack)),35.1,0,FreeEconomy Econ US Dom,03-11-2026 17:00,35.1
03-08-2026 05:47,111-5065774-2522620,STB - 100226 - B0082AA26C - UKUS - 5,1,"Silvo Tarnish Guard Metal Polish Wadding I All Purpose Metal Polish - For Silver, Gold, Aluminium, Chrome & Electroplate I Size: 75g (Pack of 3)",43.46,2.46,FreeEconomy Econ US Dom,3/13/2026 5:00:00 PM,41
03-08-2026 07:43,200014364476363,WTB - 000000 - 08710908892219 - UKUS - 1,1,"Knorr Lamb Stock Pot 4x28g, Imported from Britain",24.16,0,Value,03-09-2026 20:00,24.16
03-08-2026 07:42,202-1381559-0196302,STB - 300126 - B00L76UBXC - UKUK - X,1,Crawford's Thin Arrowroot Biscuits 200g Case of 12,46.98,0,Standard Std UK Dom_1,03-10-2026 17:00,46.98
03-08-2026 08:47,111-9232502-8965865,STB - 131125 - B003UU59QW - UKUS - 3,1,Marmite Yeast Extract Paste 500 g (Pack of 3),65.18,0,FreeEconomy Econ US Dom,03-11-2026 17:00,65.18
03-08-2026 08:53,113-2524629-9971467,STB - 040126 - B000TVH3Z0 - UKUS - X,1,Liberon LIBWFSLO 50 g Wax Filler Stick Light Oak Bp,36.99,2.26,FreeEconomy Econ US Dom,3/20/2026 5:00:00 PM,34.73
03-08-2026 08:44,114-4144770-9277045,STB - 131125 - B014HKHE5M - UKUS - 3,1,Hartley's Strawberry Jelly - 135g - Pack of 6 (135g x 6),31.77,0,FreeEconomy Econ US Dom,03-11-2026 17:00,31.77
03-08-2026 08:24,114-4973255-9863428,STB - 091225 - B000J6BHP2 - UKUS - X,1,Tetley - Original Tea Bags 240 - 750g,24.87,0,FreeEconomy Econ US Dom,3/13/2026 5:00:00 PM,24.87
03-08-2026 08:09,112-0039980-1877028,STB - 131125 - B000AYGYA6 - UKUS - 3,1,"Carr's Table Water Crackers, Baked Snack Crackers, Party Snacks, Original, 4.25oz Box (1 Box)",31.66,0,FreeEconomy Econ US Dom,03-11-2026 17:00,31.66
03-08-2026 08:13,114-4007117-7215400,STB - 131125 - B06XRDXCP1 - UKUS - 5,1,10 Bars x 200g of Marabou Mjolkchoklad - Original - Swedish - Milk Chocolate,107.79,7.05,FreeEconomy Econ US Dom,3/13/2026 5:00:00 PM,100.74
03-08-2026 07:20,112-3887640-6407461,STB - 070126 - B07BC5PZ7K - UKUS - X,1,Bourjois Le Petit Strober Highlighter,30.42,2.12,FreeEconomy Econ US Dom,3/20/2026 5:00:00 PM,28.3
03-08-2026 07:48,112-0870081-9327464,STB - 041125 - B00Z10WBVA - UK-US - 3,1,"Walkers Nonsuch Licorice Toffees, 5.3 oz., Five bags",31.78,0,FreeEconomy Econ US Dom,03-11-2026 17:00,31.78
03-08-2026 08:07,112-3424959-3043431,STB - 040126 - B08WK694W6 - UKUS - X,1,"Grangers Down Care Kit with Wash + Repel for Down 2 In 1 (10 oz) and 3 Reusable Dry Balls To Restore Down Loft""",34.15,0,FreeEconomy Econ US Dom,3/20/2026 5:00:00 PM,34.15
03-08-2026 07:26,114-0780770-3270650,STB - 100226 - B01LFQYOYK - UKUS - 3,1,Aunt May's Hot Bajan Pepper Sauce 12 Oz (Pack of 3),50.45,1.47,FreeEconomy Econ US Dom,03-11-2026 17:00,48.98
03-08-2026 08:50,200014510453800,WTB - 000000 - 00070177178529 - UKUS - 1,1,"Twinings Superblends Glow 40G, Imported from Britain",24.39,0,Value,03-11-2026 20:00,24.39
03-08-2026 08:48,200014344362238,WTB - 000000 - 07622202274350 - UKUS - 1,1,"Cadbury Orange Mini Eggs 74g, Imported from Britain",25.1,1.06,Value,03-11-2026 20:00,24.04
03-08-2026 08:51,200014762999745,WTB - 000000 - 07622202345081 - UKUS - 1,1,"Cadbury White Creme Egg 5x40g, Imported from Britain",26.22,0,Value,03-11-2026 20:00,26.22
03-08-2026 09:14,200014389096958,WTB - 000000 - 05000354920127 - UKUS - 1,1,"Batchelors Slim A Soup Creamy Vegetables 51G, Imported from Britain",73.18,0,Value,03-11-2026 20:00,73.18
03-08-2026 09:14,200014389096958,WTB - 000000 - 05000175409054 - UKUS - 1,1,"Batchelors Cup A Soup Chicken & Vegetable Croutons 4 Pack 110G, Imported from Britain",73.18,0,Value,03-11-2026 20:00,73.18
03-08-2026 09:14,200014389096958,WTB - 000000 - 05000175409023 - UKUS - 1,1,"Batchelors Cup A Soup Chicken Noodle 4 Pack 94G, Imported from Britain",73.18,0,Value,03-11-2026 20:00,73.18
03-08-2026 09:28,200014307698726,WTB - 000000 - 00031200452016 - UKUS - 1,1,"Ocean Spray Cranberry & Raspberry Juice Drink 1 Litre, Imported from Britain",28.97,1.7,Value,03-11-2026 20:00,27.27
03-08-2026 09:24,200014311328000,WTB - 000000 - 05000175411194 - UKUS - 1,1,"Oxo Beef Stock Cubes 24 Pack 142g, Imported from Britain",27.52,0.54,Value,03-09-2026 20:00,26.98
03-08-2026 09:43,200014550711676,WTB - 000000 - 08000300412413 - UKUS - 1,1,"After Eight Dark Mint Chocolate Mini Eggs 81G, Imported from Britain",23.51,0,Value,03-11-2026 20:00,23.51
03-08-2026 09:22,026-3326402-1313122,STB - 300126 - B017IWLGBY - UKUK - X,1,Giuseppe Cocco Pasta Penne Rigate 500g - Pack of 2,24.98,0,Standard Std UK Dom_1,03-10-2026 17:00,24.98
03-08-2026 10:19,113-4746261-2803455,STB - 091225 - B000J6BHP2 - UKUS - X,1,Tetley - Original Tea Bags 240 - 750g,24.87,0,FreeEconomy Econ US Dom,3/13/2026 5:00:00 PM,24.87
03-08-2026 10:12,111-8972241-2094665,STB - 100226 - B0753N6VGW - UKUS - 3,1,Weetabix - Crispy Minis - Chocolate Chip - 600g (Case of 10),102.99,0,FreeEconomy Econ US Dom,03-11-2026 17:00,102.99
03-08-2026 09:55,113-0769765-1497015,STB - 271025 - B00Y301ZZW - UKUS - 3,1,Knorr Stock Pot Chicken (8x28g) - Pack of 2,23.88,0,FreeEconomy Econ US Dom,03-11-2026 17:00,23.88
03-08-2026 10:25,111-9486634-2543433,STB - 131125 - B07GX139X3 - UKUS - 3,1,McVitie's Digestives Milk Chocolate the Caramel One 250g (Pack of 3),26.41,0,FreeEconomy Econ US Dom,03-11-2026 17:00,26.41
03-08-2026 10:04,112-4501441-1672242,STB - 271025 - B07574TZ7N - UKUS - 3,5,Ecover Bottle Plastic X1 750Ml Fabric Softener,118.65,8.55,FreeEconomy Econ US Dom,03-11-2026 17:00,110.1
03-08-2026 09:59,114-9746219-9527448,STB - 070126 - B0DWXRXFP5 - UKUS - X,1,Liverpool Football Club Shield Necklace,28.69,1.62,FreeEconomy Econ US Dom,3/20/2026 5:00:00 PM,27.07
03-08-2026 09:28,114-6877301-8169800,STB - 271025 - B017IQO5YA - UKUS - 3,1,Patak's Raita Mint & Cucumber 270g - Pack of 2,38.34,0,FreeEconomy Econ US Dom,03-11-2026 17:00,38.34
03-08-2026 09:32,112-0839750-5434661,STB - 040126 - B00CDLBQK2 - UKUS - X,1,"Alteya Organics Chamomile Water USDA Certified Organic Facial Toner, 3.4 Fl Oz/100mL Pure Bulgarian Anthemis Nobilis (Chamomile) Flower Water, Award-Winning Moisturizer BPA-Free Spray Bottle",33.46,2.19,FreeEconomy Econ US Dom,3/20/2026 5:00:00 PM,31.27
03-08-2026 10:13,111-8432113-3045010,STB - 100226 - B00F9TGLQE - UKUS - 7,1,Marabou Mjolkchoklad - Milk Chocolate 200g,30.13,0,FreeEconomy Econ US Dom,3/17/2026 5:00:00 PM,30.13
03-08-2026 09:01,112-3522603-5129051,STB - 271025 - B01N0F6TM5 - UKUS - 3,1,L'Or Espresso Café Ristretto - Intensité 11 - 50 Capsules en Aluminium Compatibles avec les Machines Nespresso (Lot de 5X10 capsules),47.22,3.35,FreeEconomy Econ US Dom,03-11-2026 17:00,43.87
03-08-2026 09:58,114-0838169-7539421,STB - 060126 - B001CM3EIU - UKUS - X,1,"Restoria Grey Reducing Cream for Men - Hair Cream for Restoring Natural Hair Colour Gradually, Up to 100% Grey Coverage - Vegan, 100ml",34.48,2.14,FreeEconomy Econ US Dom,3/20/2026 5:00:00 PM,32.34
03-08-2026 10:00,113-2971182-3159435,STB - 271025 - B00XYANR3A - UKUS - 3,1,Jordans Country Crisp with Chunky Nuts (500g) - Pack of 2,30.64,0,FreeEconomy Econ US Dom,03-11-2026 17:00,30.64
03-08-2026 09:13,113-9093809-9018633,STB - 040126 - B0DWSQ84W3 - UKUS - X,1,"Paladone Mickey Mouse Love E27 Decorative LED Light Bulb - Add to Any Edison Compatible Lamp, Officially Licensed Disney Collectible Gift for Bedrooms and Homes",64.09,5.56,FreeEconomy Econ US Dom,3/20/2026 5:00:00 PM,58.53
03-08-2026 10:42,18-14325-17366,EBY - 260226 - B0013DVW3C - UKRW - 5,1,Fiamma Water Expansion Tank Acumalator A20,48.93,0,UK_OtherCourier,3/13/2026 4:59:59 PM,48.93
03-08-2026 11:31,200014373227104,WTB - 000000 - 05000328028934 - UKUS - 1,1,"Doritos Cool Original Grab Bag Crisps 48g, Imported from Britain",22.81,0,Value,03-11-2026 20:00,22.81
03-08-2026 11:30,200014210483107,WTB - 000000 - 06181002001715 - UKUS - 1,1,"Maggi Seasoning Bouillon Tablets 60x10g 600g, Imported from Britain",27.75,0,Value,03-09-2026 20:00,27.75
03-08-2026 11:11,203-3498425-7882761,STB - 300126 - B00Y0JLWJA - UKUK - X,1,Very Lazy Smoked Choped Garlic (185g) - Pack of 2,14.98,0,Standard Std UK Dom_1,03-10-2026 17:00,14.98
03-08-2026 11:53,114-2945219-3624212,STB - 131125 - B07GX139X3 - UKUS - 3,1,McVitie's Digestives Milk Chocolate the Caramel One 250g (Pack of 3),26.41,0,FreeEconomy Econ US Dom,03-11-2026 17:00,26.41
03-08-2026 11:37,113-7183699-4608214,STB - 271025 - B0013G4KHO - UKUS - 5,1,Lifeplan Rutin 60mg 300 Tablets,36.09,2.67,FreeEconomy Econ US Dom,3/13/2026 5:00:00 PM,33.42
03-08-2026 11:28,111-5715989-4345806,STB - 271025 - B00BHFB4U2 - UKUS - 3,2,Jacob's Gems Iced 6 x 25g,36.98,0,FreeEconomy Econ US Dom,03-11-2026 17:00,36.98
03-08-2026 11:18,114-7985620-7715453,STB - 041125 - B01DY6LI8E - UK-US - 3,1,Clearspring Organic Soya Mince 250g,23.27,0,FreeEconomy Econ US Dom,03-11-2026 17:00,23.27
03-08-2026 11:13,113-5912846-0003459,STB - 091225 - B07L1X3S8Q - UKUS - X,2,Benedicta Mayonnaise Comme à la Maison 255g,55.78,0,FreeEconomy Econ US Dom,3/13/2026 5:00:00 PM,55.78
03-08-2026 11:01,114-3060233-7496268,STB - 040126 - B00XL3WLL4 - UKUS - X,1,"Salter Dietary Mechanical Kitchen Scales - 500g Capacity, Weigh in 5g Increments for Precise Portion Control, Scale Fits Inside Pan, Compact + Ideal for Travel, 15 Year Guarantee - White",41.2,3.12,FreeEconomy Econ US Dom,3/20/2026 5:00:00 PM,38.08
03-08-2026 10:46,114-4575482-8520209,STB - 271025 - B07ZDBD73D - UKUS - 3,1,Full Box of MCVITIE'S JAFFA CAKES Triple Pack 6 CARTONS (3 X 10 Cake) 180 Cakes,60.59,0,FreeEconomy Econ US Dom,03-11-2026 17:00,60.59
03-08-2026 11:12,111-8806643-5043426,STB - 091225 - B01G2AIQZW - UKUS - X,2,Jacobs Cream Crackers Snackpack - 192g,36.34,0,FreeEconomy Econ US Dom,03-11-2026 17:00,36.34
03-08-2026 11:31,112-7690792-0750658,STB - 040126 - B00L3UWIRO - UKUS - X,2,Decksaver DS-PC-CDJ900NXS Protective Cover for Pioneer CDJ-900 Nexus,251.96,20,FreeEconomy Econ US Dom,3/20/2026 5:00:00 PM,231.96
03-08-2026 10:37,114-0181486-5153044,STB - 100226 - B0B9YSNZ57 - UKUS - 5,1,"Cadbury White Chocolate Creme Egg (Pack of 48). Easter, Egg Hunt, Thank you Gift, Present, White Chocolate Filled Eggs",108.73,8.75,FreeEconomy Econ US Dom,3/13/2026 5:00:00 PM,99.98
03-08-2026 11:58,114-8708059-2583451,STB - 041125 - B00RBQWLH6 - UK-US - 3,1,Schär Digestive 150 g,18.31,0,FreeEconomy Econ US Dom,03-11-2026 17:00,18.31
03-08-2026 11:50,111-9757917-3410626,STB - 131125 - B00455YP48 - UKUS - 3,1,Wilkinson Sword - Xtreme 3 for Men | Sensitive | Pack of 8 Disposable Razors,23.53,1.89,FreeEconomy Econ US Dom,03-11-2026 17:00,21.64
03-08-2026 10:46,111-2789037-6229030,STB - 041125 - B06XRNCKZV - UK-US - 3,1,Snack a Jacks Salt & Vinegar Rice Cakes 4 x 22g,21.3,0,FreeEconomy Econ US Dom,03-11-2026 17:00,21.3
03-08-2026 10:38,112-1244072-3389013,STB - 271025 - B07XF157JL - UKUS - 3,1,Decaf 70 Ct Tea Bags - 2 Pack(Two Pack),25.56,0,FreeEconomy Econ US Dom,03-11-2026 17:00,25.56
03-08-2026 13:07,200014466360376,WTB - 000000 - 00000050126019 - UKUS - 1,1,"Hartley's Sugar Free Jelly - Raspberry 115g, Imported from Britain",22.82,0.66,Value,03-11-2026 20:00,22.16
03-08-2026 13:03,200014536725575,WTB - 000000 - 08410076482785 - UKUS - 1,2,"Old El Paso Original Cheesy Baked Nacho Kit 505G, Imported from Britain",58.35,0.57,Value,03-09-2026 20:00,57.78
03-08-2026 12:31,200014684471749,WTB TEST - 00617588695735 - UKUS,1,Cereal Weetabix Family 24 - British Version Imported by Sentogo,27.8,0.81,Value,03-11-2026 20:00,26.99
03-08-2026 12:13,200014414147072,WTB - 000000 - 05057753894245 - UKUS - 1,1,"Tesco Peeled New Potatoes In Water 300G, Imported from Britain",22.92,0,Value,03-11-2026 20:00,22.92
03-08-2026 13:16,111-3900827-6013813,INS - 030226 - B00ZGSUMS6 - UKUS - 2,1,Airwaves Menthol & Eucalyptus Flavour Sugarfree Chewing Gum 10 Pellets 30 x 15g by Wrigleys,36.65,1.41,FreeEconomy Econ US Dom,03-10-2026 17:00,35.24
03-08-2026 13:04,111-2279861-4942652,STB - 271025 - B0BNVYRNP8 - UKUS - 3,1,"Angel Delight Multipack of 12-3x Angel Delight Strawberry Mousse, 3x Banana Angel Delight, 3x Chocolate Mousse and 3x Angel Delight Butterscotch Flavour - Bulk Buy makes 48 Servings",57.97,0,FreeEconomy Econ US Dom,03-11-2026 17:00,57.97
03-08-2026 12:40,111-2688194-0525059,STB - 050126 - B00YSMC478 - UKUS - 3,1,HP Fruity Sauce (470g) - Pack of 6,69.99,0,FreeEconomy Econ US Dom,03-11-2026 17:00,69.99
03-08-2026 12:41,111-2726220-8231444,STB - 271025 - B00ZGSY5RU - UKUS - 3,2,Marmite Cashew Nuts (90g) by Groceries,39.54,0,FreeEconomy Econ US Dom,03-11-2026 17:00,39.54
03-08-2026 12:36,111-6909833-9844200,STB - 131125 - B000AYGYA6 - UKUS - 3,1,"Carr's Table Water Crackers, Baked Snack Crackers, Party Snacks, Original, 4.25oz Box (1 Box)",31.66,0,FreeEconomy Econ US Dom,03-11-2026 17:00,31.66
03-08-2026 13:16,112-8346718-6375465,STB - 131125 - B01MUH3SGW - UKUS - 3,1,Marmite Jar 6 x 250 g. Marmite,48.58,0,FreeEconomy Econ US Dom,03-11-2026 17:00,48.58
03-08-2026 12:44,114-0655331-5871444,STB - 070126 - B012XGRR5O - UKUS - X,1,Clearspring - Organic Japanese Umeboshi Plums - 200g (4 Pack),198.62,0,FreeEconomy Econ US Dom,3/20/2026 5:00:00 PM,198.62
03-08-2026 12:45,114-4755023-8189847,STB - 271025 - B01N0F6TM5 - UKUS - 3,1,L'Or Espresso Café Ristretto - Intensité 11 - 50 Capsules en Aluminium Compatibles avec les Machines Nespresso (Lot de 5X10 capsules),43.87,0,FreeEconomy Econ US Dom,03-11-2026 17:00,43.87
03-03-2026 17:32,113-1893539-7421824,STB - 131125 - B0017L8JZE - UKUS - 3,1,Bahlsen Choco Leibniz Milk Cookies (12 boxes) - Leibniz Butter Biscuits topped with a thick layer of European Chocolate - 4.4 oz boxes,117.33,0,Expedited Exp US D2D Dom,03-11-2026 17:00,117.33
03-08-2026 12:30,111-0763782-3644234,STB - 100226 - B0002E4EPQ - UKUS - 3,1,"Aunt May's, Bajan Pepper Sauce, 12 oz.",24.77,0,FreeEconomy Econ US Dom,03-11-2026 17:00,24.77
03-08-2026 12:34,113-4520469-5966633,STB - 271025 - B007XR8ARS - UKUS - 3,1,Dolmio Lasagne Sauce - Creamy (470g) - Pack of 6,94.92,0,FreeEconomy Econ US Dom,03-11-2026 17:00,94.92
03-08-2026 13:11,111-2880449-3197046,STB - 070126 - B001ULCOF2 - UKUS - X,1,"tesa Insect Stop Comfort for Windows - Window Screen with Self-Adhesive Hook & Loop - Insect Mesh - in White, 130 cm x 130 cm",33.51,2.41,FreeEconomy Econ US Dom,3/20/2026 5:00:00 PM,31.1
03-08-2026 12:30,114-3855238-8105054,STB - 100226 - B00BNAPGAA - UKUS - 5,3,Lancaster - Sun Milk Sun Beauty Velvet Milk Lancaster SPF 30 (175 ml),242.94,0,FreeEconomy Econ US Dom,3/13/2026 5:00:00 PM,242.94
03-08-2026 12:25,113-0536716-1737057,STB - 091225 - B000NTDXES - UKUS - X,2,Lucozade Original Energy Drink - 24pk x 380ml,318.96,22.94,FreeEconomy Econ US Dom,3/13/2026 5:00:00 PM,296.02
03-08-2026 12:15,114-7815409-5562635,STB - 041125 - B072JYCQR3 - UK-US - 3,3,Manilife Smooth Peanut Butter - 295g Jar,100.17,0,FreeEconomy Econ US Dom,03-11-2026 17:00,100.17
03-08-2026 13:55,200014512795038,WTB TEST - 00617588695735 - UKUS,1,Cereal Weetabix Family 24 - British Version Imported by Sentogo,28.68,1.69,Value,03-11-2026 20:00,26.99
03-08-2026 13:58,200014403350477,WTB - 000000 - 08445291686229 - UKUS - 1,1,"Nescafe Iced Coffee Espresso Concentrated Caramel Flavour 500ml, Imported from Britain",29.72,0.58,Value,03-11-2026 20:00,29.14
03-08-2026 14:01,200014390328838,WTB TEST - 00617588695735 - UKUS,1,Cereal Weetabix Family 24 - British Version Imported by Sentogo,26.99,0,Value,03-11-2026 20:00,26.99
03-08-2026 13:59,200014403350601,WTB - 000000 - 05051898983109 - UKUS - 1,1,"Tesco Garlic & Herb Croutons 100G, Imported from Britain",22.63,0,Value,03-11-2026 20:00,22.63
03-08-2026 14:03,200014501723183,WTB - 000000 - 05060342450777 - UKUS - 1,1,"Rebel Kitchen Raw Coconut Water Natural Electrolytes 750ML, Imported from Britain",34.06,2.36,Value,03-11-2026 20:00,31.7
03-08-2026 14:46,200014257281059,WTB - 000000 - 05000157158147 - UKUS - 1,1,"Heinz Baked Beans in Tomato Sauce 8 x 415g, Imported from Britain",50.91,1.12,Value,03-11-2026 20:00,49.79
03-08-2026 14:46,200014243650142,WTB - 000000 - 05015821140748 - UKUS - 1,1,"Allinson's Baking Flour Self Raising Wholemeal 1kg, Imported from Britain",27.96,0,Value,03-09-2026 20:00,27.96
03-08-2026 14:02,200014423679548,WTB - 000000 - 05056558010300 - UKUS - 1,1,"CHATWAL'S KHATTA MEETHA 200G, Imported from Britain",22.82,0,Value,03-11-2026 20:00,22.82
03-08-2026 14:49,200014442690180,WTB TEST - 00617588695735 - UKUS,1,Cereal Weetabix Family 24 - British Version Imported by Sentogo,26.99,0,Value,03-11-2026 20:00,26.99
03-08-2026 13:49,111-9170404-5497041,STB - 131125 - B000AYGYA6 - UKUS - 3,1,"Carr's Table Water Crackers, Baked Snack Crackers, Party Snacks, Original, 4.25oz Box (1 Box)",31.66,0,FreeEconomy Econ US Dom,03-11-2026 17:00,31.66
03-08-2026 14:48,114-0334624-6942600,STB - 091225 - B01ASVXFXO - UKUS - X,1,Vegemite Spread 7.7 oz each (3 Items Per Order),38.09,0,FreeEconomy Econ US Dom,03-11-2026 17:00,38.09
03-08-2026 14:37,113-5191442-7291442,STB - 100226 - B0B9YSNZ57 - UKUS - 5,1,"Cadbury White Chocolate Creme Egg (Pack of 48). Easter, Egg Hunt, Thank you Gift, Present, White Chocolate Filled Eggs",105.98,6,FreeEconomy Econ US Dom,3/13/2026 5:00:00 PM,99.98
03-08-2026 14:20,112-5458858-1314618,STB - 100226 - B000QGBWIW - UKUS - 3,1,Ecover Floor Soap,30.46,1.31,FreeEconomy Econ US Dom,03-11-2026 17:00,29.15
03-08-2026 13:52,112-8185567-5369044,STB - 040126 - B000J69RQI - UKUS - X,1,"Exacompta - Ref 55515E - Europa Collection - Elasticated 3-Flap Folders - Suitable for A4 Documents, 400gsm Glossy Card - Assorted Colours (Pack of 10)",54.21,4.13,FreeEconomy Econ US Dom,3/20/2026 5:00:00 PM,50.08
03-08-2026 13:35,113-3664085-7020263,STB - 271025 - B07QRXXQTM - UKUS - 3,1,McCoy's Ridge Cut Meaty Chips 27g x - 6 per pack,21.96,1.24,FreeEconomy Econ US Dom,03-11-2026 17:00,20.72
03-08-2026 14:06,112-6680909-9183467,STB - 131125 - B000AYGYA6 - UKUS - 3,1,"Carr's Table Water Crackers, Baked Snack Crackers, Party Snacks, Original, 4.25oz Box (1 Box)",31.66,0,FreeEconomy Econ US Dom,03-11-2026 17:00,31.66
03-08-2026 13:48,112-6006336-2440231,STB - 040126 - B00KYTAPX4 - UKUS - X,1,"picobello G61612 Wooden Repair Kit, Small Parquet Laminate Furniture Stairs, Medium",92.12,7.61,FreeEconomy Econ US Dom,3/20/2026 5:00:00 PM,84.51
03-08-2026 13:38,114-5336830-9229011,STB - 131125 - B08D36ZNWR - UKUS - 3,1,"L'OR DECAF Espresso Capsules, 100 Count DECAF Ristretto, Single-Serve Aluminum Coffee Capsules Compatible with the L'OR BARISTA System & *Nespresso Original Machines",71.61,0.71,FreeEconomy Econ US Dom,03-11-2026 17:00,70.9
03-08-2026 14:45,113-5404562-4410667,STB - 271025 - B00MWW4MIA - UKUS - 3,1,Sharwood's Garlic & Coriander Poppodums (8),19.87,0,FreeEconomy Econ US Dom,03-11-2026 17:00,19.87
03-08-2026 13:46,113-5402663-0406605,STB - 131125 - B000AYGYA6 - UKUS - 3,1,"Carr's Table Water Crackers, Baked Snack Crackers, Party Snacks, Original, 4.25oz Box (1 Box)",32.21,0.55,FreeEconomy Econ US Dom,03-11-2026 17:00,31.66
03-08-2026 15:10,026-8730337-8089140,STB - 300126 - B0112KOH0A - UKUK - X,1,Options Wicked White Choc Instant Hot Chocolate Drink (11g) - Pack of 6,11.98,0,Standard Std UK Dom_1,03-10-2026 17:00,11.98
03-08-2026 15:02,200014642844234,WTB - 000000 - 05060366570901 - UKUS - 1,1,"Miso Tasty White Miso Paste 200g, Imported from Britain",25.34,0.25,Value,03-11-2026 20:00,25.09
03-08-2026 16:01,200014803752446,WTB - 000000 - 08445291847002 - UKUS - 1,1,"Nescafe Gold Blend Intense Instant Coffee 190g, Imported from Britain",31.52,0,Value,03-11-2026 20:00,31.52
03-08-2026 15:17,200014457401005,WTB - 000000 - 05000157135872 - UKUS - 1,1,"Heinz Baked Beans 12 X 415G, Imported from Britain",62.06,1.37,Value,03-11-2026 20:00,60.69
03-08-2026 16:46,114-3985255-7637823,STB - 091225 - B00XJN48ZI - UKUS - X,1,Lu Le VÃritable Petit Ecolier Dark Chocolate Biscuits (120g) - Pack of 2,36.97,0,FreeEconomy Econ US Dom,3/13/2026 5:00:00 PM,36.97
03-08-2026 16:37,113-3439886-0487413,STB - 131125 - B08D3B4DZM - UKUS - 3,1,"L'OR Espresso Capsules, 50 Count Profondo Lungo, Single-Serve Aluminum Coffee Capsules Compatible with the L'OR BARISTA System & *Nespresso Original Machines",57.25,0,FreeEconomy Econ US Dom,03-11-2026 17:00,57.25
03-08-2026 16:28,111-0995492-1428252,STB - 070126 - B00A7Q690W - UKUS - X,1,Lakeland Stainless Steel Insulated Butter Dish with Lid by Lakeland,75.67,6.41,FreeEconomy Econ US Dom,3/20/2026 5:00:00 PM,69.26
03-08-2026 16:25,111-6639450-9175427,STB - 100226 - B0002E4EPQ - UKUS - 3,1,"Aunt May's, Bajan Pepper Sauce, 12 oz.",24.77,0,FreeEconomy Econ US Dom,03-11-2026 17:00,24.77
03-08-2026 16:23,111-9873977-6645023,STB - 100226 - B01JAAWVBQ - UKUS - 3,1,Candyland Henry Goodes Soft Liquorice (200g x 6),29.38,2.05,FreeEconomy Econ US Dom,03-11-2026 17:00,27.33
03-08-2026 16:02,112-8595977-2026633,STB - 040126 - B00IXCAFBQ - UKUS - X,1,Kaeso Rebalancing Facial Collection Kit,69.66,0,FreeEconomy Econ US Dom,3/20/2026 5:00:00 PM,69.66
03-08-2026 15:45,114-0026223-4261803,STB - 091225 - B009HJN8XG - UKUS - X,1,PG Tips 40 Bags (Case of 6),35.68,0,FreeEconomy Econ US Dom,03-11-2026 17:00,35.68
03-08-2026 15:56,111-2170844-0841033,STB - 091225 - B00RBABVRS - UKUS - X,1,Pukka Herbal Tea,77.32,1.52,FreeEconomy Econ US Dom,03-11-2026 17:00,75.8
03-08-2026 16:40,113-1546562-9505820,STB - 041125 - B01LWLK5HN - UK-US - 3,1,Sweet Piccalilli essential Waitrose 275g - Pack of 4,34.56,0,FreeEconomy Econ US Dom,03-11-2026 17:00,34.56
03-08-2026 16:38,111-9319190-1929051,STB - 100226 - B0002E4EPQ - UKUS - 3,1,"Aunt May's, Bajan Pepper Sauce, 12 oz.",24.77,0,FreeEconomy Econ US Dom,03-11-2026 17:00,24.77
03-08-2026 15:44,113-6711383-2856263,INS - 060326 - B08D3B4DZM - UKUS - 2,1,"L'OR Espresso Capsules, 50 Count Profondo Lungo, Single-Serve Aluminum Coffee Capsules Compatible with the L'OR BARISTA System & *Nespresso Original Machines",58.12,0,FreeEconomy Econ US Dom,03-10-2026 17:00,58.12
03-08-2026 17:28,202-8770687-6882702,STB - 300126 - B077P5W8J3 - UKUK - X,1,Lubella Fluffy Cake Flour 1Kg,8.12,0,Standard Std UK Dom_1,03-10-2026 17:00,8.12
03-08-2026 17:57,200014493134800,WTB - 000000 - 08710908892219 - UKUS - 1,2,"Knorr Lamb Stock Pot 4x28g, Imported from Britain",48.32,0,Value,03-09-2026 20:00,48.32
03-08-2026 16:33,200014211849661,WTB - 000000 - 08002270011054 - UKUS - 1,1,"San Pellegrino Sparkling Natural Mineral Water Glass Bottle 750ml, Imported from Britain",32,2.23,Value,03-11-2026 20:00,29.77
03-08-2026 16:30,200014351785083,WTB - 000000 - 07622202274350 - UKUS - 1,1,"Cadbury Orange Mini Eggs 74g, Imported from Britain",24.04,0,Value,03-11-2026 20:00,24.04
03-08-2026 17:44,200014487924781,WTB - 000000 - 05000184161103 - UKUS - 1,2,"Knorr Ham Stock Cubes 8 x 10g, Imported from Britain",47.02,0,Value,03-09-2026 20:00,47.02
03-08-2026 18:02,113-2694473-9818638,STB - 040126 - B00FFYHBSK - UKUS - X,1,"Sentinel X100L-12X1L-GB X100 Inhibitor, 1Ltr, Clear",77.65,4.82,FreeEconomy Econ US Dom,3/20/2026 5:00:00 PM,72.83
03-08-2026 17:32,113-4950387-2007401,STB - 041125 - B01M6WWSNY - UK-US - 3,2,Radox Feel Awake for Men 2 in 1 Shower & Shampoo (225ml x 1),45.72,3.48,FreeEconomy Econ US Dom,03-11-2026 17:00,42.24
03-08-2026 17:29,112-6305298-5835451,STB - 131125 - B00XYQ475G - UKUS - 3,1,Sharwood's Butter Chicken Sauce (420g) - Pack of 2,39.62,1.15,FreeEconomy Econ US Dom,03-11-2026 17:00,38.47
03-08-2026 17:44,113-6983450-8785061,STB - 271025 - B004TEVNQI - UKUS - 3,1,Mr Kipling Manor House Cake,39.81,0,FreeEconomy Econ US Dom,03-11-2026 17:00,39.81
03-08-2026 17:44,113-6983450-8785061,STB - 131125 - B000HL5JNK - UKUS - 3,1,Mr Kipling Bramley Apple Pies 6,39.81,0,FreeEconomy Econ US Dom,03-11-2026 17:00,39.81
03-08-2026 17:09,113-9105742-5570638,STB - 041125 - B091B1SKR1 - UK-US - 3,1,Charles Worthington Moisture Seal Conditioner,46.02,3.51,FreeEconomy Econ US Dom,03-11-2026 17:00,42.51
03-08-2026 17:44,113-4677765-6645855,STB - 070126 - B0FJ8QJVWQ - UKUS - X,1,Panini Brawl Stars Trading Cards Blister Pack of 3,34.14,1.93,FreeEconomy Econ US Dom,3/20/2026 5:00:00 PM,32.21
03-08-2026 17:01,113-1285825-2001048,STB - 100226 - B00Y300DAK - UKUS - 3,1,Bisto the Original Gravy Powder (200g) - Pack of 2,33.46,0.49,FreeEconomy Econ US Dom,03-11-2026 17:00,32.97
03-08-2026 17:02,112-0205050-2884229,STB - 041125 - B07BM9GSLF - UK-US - 5,1,Soltan Once Advanced 8hr Protect Lotion SPF50+ 200ml,63.35,0,FreeEconomy Econ US Dom,3/13/2026 5:00:00 PM,63.35
03-08-2026 17:40,113-8488822-3705008,STB - 100226 - B08L74DT7R - UKUS - 3,1,Revels Treat Bag - 71g - Pack of 6,36.53,2.55,FreeEconomy Econ US Dom,03-11-2026 17:00,33.98
03-08-2026 17:27,112-8935597-1990660,STB - 271025 - B0B4W5XZPS - UKUS - 3,1,Marks and Spencer Pickled Onions 340g,25.56,0,FreeEconomy Econ US Dom,03-11-2026 17:00,25.56
03-08-2026 16:55,111-0828931-4319440,STB - 060126 - B001CM3EIU - UKUS - X,1,"Restoria Grey Reducing Cream for Men - Hair Cream for Restoring Natural Hair Colour Gradually, Up to 100% Grey Coverage - Vegan, 100ml",34.6,2.26,FreeEconomy Econ US Dom,3/20/2026 5:00:00 PM,32.34
